Team,2002,2003,2004,2005,2006,2007,2008,2009,2010,2011,2012,2013,2014,2015,2016,2017,2018,2019,2020,2021,2022,2023,2024
Arizona Cardinals,0,0,0,0,0,0,1,1,0,0,0,0,1,1,0,0,0,0,0,1,0,0,0
Atlanta Falcons,1,0,1,0,0,0,1,0,1,1,1,0,0,0,1,1,0,0,0,0,0,0,0
Baltimore Ravens,0,1,0,0,1,0,1,1,1,1,1,0,1,0,0,0,1,1,1,0,1,1,1
Buffalo Bills,0,0,0,0,0,0,0,0,0,0,0,0,0,0,0,1,0,1,1,1,1,1,1
Carolina Panthers,0,1,0,1,0,0,1,0,0,0,0,1,1,1,0,1,0,0,0,0,0,0,0
Chicago Bears,0,0,0,1,1,0,0,0,1,0,0,0,0,0,0,0,1,0,1,0,0,0,0
Cincinnati Bengals,0,0,0,1,0,0,0,1,0,1,1,1,1,1,0,0,0,0,0,1,1,0,0
Cleveland Browns,1,0,0,0,0,0,0,0,0,0,0,0,0,0,0,0,0,0,1,0,0,1,0
Dallas Cowboys,0,1,0,0,1,1,0,1,0,0,0,0,1,0,1,0,1,0,0,1,1,1,0
Denver Broncos,0,1,1,1,0,0,0,0,0,1,1,1,1,1,0,0,0,0,0,0,0,0,1
Detroit Lions,0,0,0,0,0,0,0,0,0,1,0,0,1,0,1,0,0,0,0,0,0,1,1
Green Bay Packers,1,1,1,0,0,1,0,1,1,1,1,1,1,1,1,0,0,1,1,1,0,1,1
Houston Texans,0,0,0,0,0,0,0,0,0,1,1,0,0,1,1,0,1,1,0,0,0,1,1
Indianapolis Colts,1,1,1,1,1,1,1,1,1,0,1,1,1,0,0,0,1,0,1,0,0,0,0
Jacksonville Jaguars,0,0,0,1,0,1,0,0,0,0,0,0,0,0,0,1,0,0,0,0,1,0,0
Kansas City Chiefs,0,1,0,0,1,0,0,0,1,0,0,1,0,1,1,1,1,1,1,1,1,1,1
Las Vegas Raiders,1,0,0,0,0,0,0,0,0,0,0,0,0,0,1,0,0,0,0,1,0,0,0
Los Angeles Chargers,0,0,1,0,1,1,1,1,0,0,0,1,0,0,0,0,1,0,0,0,1,0,1
Los Angeles Rams,0,1,1,0,0,0,0,0,0,0,0,0,0,0,0,1,1,0,1,1,0,1,1
Miami Dolphins,0,0,0,0,0,0,1,0,0,0,0,0,0,0,1,0,0,0,0,0,1,1,0
Minnesota Vikings,0,0,1,0,0,0,1,1,0,0,1,0,0,1,0,1,0,1,0,0,1,0,1
New England Patriots,0,1,1,1,1,1,0,1,1,1,1,1,1,1,1,1,1,1,0,1,0,0,0
New Orleans Saints,0,0,0,0,1,0,0,1,1,1,0,1,0,0,0,1,1,1,1,0,0,0,0
New York Giants,1,0,0,1,1,1,1,0,0,1,0,0,0,0,1,0,0,0,0,0,1,0,0
New York Jets,1,0,1,0,1,0,0,1,1,0,0,0,0,0,0,0,0,0,0,0,0,0,0
Philadelphia Eagles,1,1,1,0,1,0,1,1,1,0,0,1,0,0,0,1,1,1,0,1,1,1,1
Pittsburgh Steelers,1,0,1,1,0,1,1,0,1,1,0,0,1,1,1,1,0,0,1,1,0,1,1
San Francisco 49ers,1,0,0,0,0,0,0,0,0,1,1,1,0,0,0,0,0,1,0,1,1,1,0
Seattle Seahawks,0,1,1,1,1,1,0,0,1,0,1,1,1,1,1,0,1,1,1,0,1,0,0
Tampa Bay Buccaneers,1,0,0,1,0,1,0,0,0,0,0,0,0,0,0,0,0,0,1,1,1,1,1
Tennessee Titans,1,1,0,0,0,1,1,0,0,0,0,0,0,0,0,1,0,1,1,1,0,0,0
Washington Commanders,0,0,0,1,0,1,0,0,0,0,1,0,0,1,0,0,0,0,1,0,0,0,1